Unnamed: 0,date,text,sentiment
1241,2020-01-01,sale doubled industry’s tipping point — severing tie gas pump — still lie ahead car help make happen electric vehicle watch,0
1239,2020-01-03,electriccar maker ended volatile year percent jump delivery sending share new high tesla report record output elon musk achieves goal,1
1246,2020-01-04,american also continuing buy ever bigger car price escalating faster overall inflation rate low rate cheap gas deeper debt sustain car buying boom,1
1244,2020-01-09,tech giant said would impose limit advertising despite pressure liberal conservative critic facebook won’t take misleading political ad,0
1251,2020-01-10,boeing released page internal message max congress didn’t make comfortable reading ‘this airplane designed clowns’,1
1252,2020-01-14,aventura mall near miami isn’t shy investing infrastructure widely considered one successful mall country dying mall one found way thrive,1
1247,2020-01-21,police raided office latest diesel investigation major carmaker adding trouble renaultnissanmitsubishi alliance mitsubishi target emissionscheating inquiry germany,1
1238,2020-01-22,chief executive could get stock award worth hundred million carmaker’s market capitalization sustained month ahead tesla value hit billion elon musk get big bonus,1
1248,2020-01-22,futuristic origin seat six passenger lack steering wheel require intensive testing regulatory scrutiny hit street gm’s cruise unveils selfdriving car don’t look road,0
1242,2020-01-23,china close city affected growing viral outbreak business leader world economic forum fear replay sars epidemic fear new coronavirus grip davos,1
1243,2020-01-23,like central bank ecb met thursday scrambling prepare report warns could coming economic upheaval climate change could blow economy bank aren’t ready,1
1250,2020-01-24,analysis phone belonging jeff bezos found malicious code hidden video sent whatsapp account belonging crown prince mohammed bin salman week tech tech mogul’s phone saudi crown prince,-1
1253,2020-01-27,nba great known feat court also building reputation investor entrepreneur kobe bryant’s death cut short budding business career,1
1245,2020-01-28,company gotten skilled producing topical ad bungling recent celebrity death showing tact time around kobe bryant’s death pitfall big brand,1
1237,2020-01-29,electriccar maker chief elon musk head potentially crucial year positive note tesla post million profit quarter extending rebound,1
1236,2020-01-29,faith elon musk’s company driven stock new height detractor think skepticism vindicated end tesla earnings arrive bull bear continue spar,1
1240,2020-01-30,tesla reported million quarterly profit yesterday convincing backer company solved problem — doubter aren’t convinced elon musk hit back critic,1
1249,2020-01-31,american delta united halt service chinese mainland widening impact outbreak business travel major u airline suspend china flight coronavirus,1
1257,2020-02-03,news battery supplier optimistic analysis helped lift electricvehicle maker’s share price monday tesla stock soar,0
1263,2020-02-04,hyundai idle plant south korea pointing shortage component due coronavirus outbreak hinting trouble manufacturer virus expose crack carmakers’ chinese supply chain,-1
1256,2020-02-04,trader bet tesla’s success could one pushing share price higher tesla’s stock two day what’s going,1
1260,2020-02-05,social network facebook bought billion reportedly collected billion ad revenue last year — surpassing youtube’s ad sale instagram steal century,1
1262,2020-02-05,solid economic report corporate earnings bolstered equity commodity market stock shrug outbreak worry reach new record,1
1259,2020-02-06,tech giant reportedly weighing whether divest thirdparty ad business assuage antitrust regulator google shrink save,0
1265,2020-02-07,virus outbreak rattled global economy disrupting supply chain closing access lucrative consumer market starbucks fedex coronavirus upends business depend china,0
1264,2020-02-07,invest supporting animal welfare socially conscious fund may support chipotle burger king impossible whopper vegan end leather portfolio,-1
1255,2020-02-13,electriccar maker said agency also looking contract “regular financing arrangements” tesla face new sec investigation,1
1258,2020-02-14,airline pledge spend least billion buy emission offset invest efficient plane new fuel source carboncapture technology delta plan go carbon neutral yes read right,1
1254,2020-02-25,national transportation safety board called improvement electriccar company’s driverassistance feature cited failure agency tesla autopilot system found probably fault crash,-1
1261,2020-02-26,fed’s vice chair warned disruption “could spill rest global economy” another rocky day market coronavirus spread,0
1278,2020-03-02,new study examines youtube’s effort limit spread conspiracy theory site video claiming end time near questioning climate change youtube quiet conspiracy theorist,1
1273,2020-03-03,super tuesday moderate coalescing around joe biden hope preventing bernie sander amassing insurmountable lead capitalist make case sander,1
1270,2020-03-04,considered “supermini” europe peugeot beat seven finalist including tesla’s model porsche electric taycan auto show geneva car year must go,0
1268,2020-03-04,general motor say aiming sell million electric car truck annually united state china gm lay ambition electricvehicle lineup rival tesla,1
1275,2020-03-12,business adjusting new reality everyday social interaction altered travel restricted general economic activity limited business world wake pandemic,1
1269,2020-03-18,gm ford motor fiat chrysler pressure autoworkers union shut plant response coronavirus outbreak automaker close factory north america,0
1267,2020-03-19,tractortrailer fleet take time electrify startup established truck maker racing get model road big rig begin trade diesel electric motor,0
1271,2020-03-19,stock remained volatile even government took step offset sharp decline gripping economy stock inch higher wall street’s turmoil continues,1
1266,2020-03-19,electric carmaker continued making car recent day apparent defiance local county order limiting operation nonessential business mounting criticism tesla shut california factory,1
1274,2020-03-20,little doubt severe economic downturn awaits bad get depends nature government response coronavirus bailouts begin take shape,-1
1276,2020-03-23,echo partisan wrangling caused giant stimulus bill stumble even market plunged business buckled fill trillion hole economy,-1
1272,2020-03-27,we’re highlighting heartening thing caught attention world mobilizes coronavirus pandemic it’s bad here’s proof,-1
1277,2020-03-30,live update stock market business news coronavirus outbreak ford join effort make ventilator,1
1281,2020-04-01,strong first two month year sale tumbled march american stayed home auto sale plummet first quarter coronavirus keep buyer away,1
1286,2020-04-05,pandemic prompted many field focus way address anticipate aftermath economist trying answer coronavirus question,1
1280,2020-04-16,city dweller would love ev biggest hurdle might keeping juiced without garage convenient charging station ‘charger desert’ big city keep electric car mainstream,1
1285,2020-04-17,faced closing plunging sale american lose job entrepreneur becoming nimble ‘i didn’t want shut doors’ business find way survive,1
1283,2020-04-23,growing array specialty shop turning classic silent brute tireburning torque vintage style trip garage electric switch,1
1284,2020-04-27,tire maker’s ceo say company must ready end quarantine french union wary closing virus michelin moving quickly,1
1287,2020-04-27,u government’s smallbusiness rescue fund reopens today outrage remains bigger company tapped first round loan loan fury,1
1282,2020-04-29,latest stock market business news coronavirus outbreak wall street rally fed promise shore economy,1
1279,2020-04-30,earnings call investor executive addressing effect pandemic radically different way elon musk mark zuckerberg aren’t page,0
1314,2020-05-01,latest stock market business news coronavirus outbreak u stock end week lower tech earnings,1
1292,2020-05-01,electric car company’s stock fell percent chief executive took twitter try talk recent surge elon musk say tesla share price high,1
1310,2020-05-04,unlike spending spree financial crisis berkshire hathaway chief keeping wallet closed warren buffett isn’t buying anything,-1
1297,2020-05-07,electric hummer cybertrucks well next generation suv signal arrival ev era america start sell big number new breed pickup mix horsepower battery power,1
1300,2020-05-08,latest stock market business news coronavirus outbreak u job report show clearest data yet economic toll,1
1290,2020-05-08,electric car company told employee report work friday county official said tesla meet requirement resuming production tesla tell worker reopen california factory despite county order,0
1291,2020-05-09,say he’ll move headquarters electric car company california texas nevada elon musk lash official keeping tesla plant closed virus,-1
1307,2020-05-10,front solo look like car hood grille headlight take peek behind however taper one wheel quite car quite motorcycle vehicle built one,-1
1296,2020-05-11,tesla ceo’s dispute california foreshadows potential clash business state public health measure elon musk ‘not messing around’,0
1298,2020-05-11,latest stock market business news coronavirus outbreak tesla restart bay area factory defiance local order,1
1299,2020-05-12,latest stock market business news coronavirus outbreak stock fall amid concern recovery,1
1295,2020-05-12,central bank buy corporate bond first time history part eagerly anticipated package pandemic rescue measure fed buying etf today,1
1288,2020-05-13,mr musk opened california factory week defiance local order also criticized response pandemic “dumb” “fascist” coronavirus wrecked tesla’s momentum elon musk furious,-1
1312,2020-05-13,plunging sale could force factory close lead takeover merger also bolster sale electric car pandemic permanently change auto industry,0
1294,2020-05-14,microsoft chief say recovery like “dial” “switch” worry lost everybody work home satya nadella think,0
1301,2020-05-17,idle nearly two month gm ford fiat chrysler restart assembly plant monday mask glove curtain autoworkers returning carmaker gradually crank factory,1
1303,2020-05-17,business start coming back life lead resurgence virus case week business ready come reopening,1
1313,2020-05-18,alibaba founder stepped softbank’s board day posted huge loss dragged oncevaunted technology investment fund jack quits softbank,1
1309,2020-05-19,highminded talk among techie new favorite app inviteonly far social network mingling one another hot new thing clubby silicon valley app called clubhouse,1
1289,2020-05-19,liberal status symbol founder moving right tesla owner try make sense elon musk’s ‘red pill’ moment,1
1304,2020-05-21,computer scientist argues quest fully automated robot misguided perhaps even dangerous decade warning gaining attention case cooperation machine human,-1
1306,2020-05-22,here’s one question matter google rig system squash rival hurt u shouting google,0
1305,2020-05-27,latest stock market business news coronavirus outbreak reopening optimism help wall street,1
1302,2020-05-27,elon musk’s spacecraft company scheduled send two astronaut orbit today major milestone commercial space business one giant leap spacex,1
1308,2020-05-29,fleet vehicle roaming street waiting hailed efficient coronavirus made people think twice future car ownership even autonomous tech arrives car drive,1
1311,2020-05-29,president trump taking aim social network treatment tweet twitter responded putting warning another post it’s trump v twitter,1
1293,2020-05-29,dealership long resisted ecommerce many showroom closed dynamic changing pandemic force car dealer unthinkable sell online,1
1316,2020-06-02,facebook founder dealing employee revolt company’s position allow inflammatory post president trump platform mark zuckerberg’s biggest challenge yet,0
1321,2020-06-08,swarm account amplifying beijing’s brash new messaging country try shape global narrative coronavirus much else behind china’s twitter campaign murky supporting chorus,-1
1317,2020-06-10,latest stock market business news coronavirus outbreak fed expects unemployment rate stay high,1
1318,2020-06-11,facing tepid sale criticism environmental group swiss food giant looking exit brand like poland spring deer park nestlé weighs sale water unit push toward sustainability,0
1322,2020-06-22,jay clayton nation’s top security regulator thrust political firestorm leave sec risk ‘overnight ruin’,1
1320,2020-06-24,jeff ubben leaving hedge fund founded new venture focused “inclusive capitalism” think traditional finance played activist investor done finance,1
1319,2020-06-26,online retailer taking step move people well package amazon buy zoox move toward selfdriving car,0
1315,2020-06-27,six former employee recently named federal charge indication length company go hit back detractor ebay’s critic faced extreme case old silicon valley habit,-1
1343,2020-07-01,latest stock market business news coronavirus outbreak stock market edge higher,1
1344,2020-07-02,latest stock market business news coronavirus outbreak u added nearly million job june,1
1333,2020-07-02,swell coronavirus case forcing u city state company change course threatening appeared fragile economic comeback big uturn,1
1326,2020-07-02,electric carmaker’s delivery fell modestly sale china overseas market nearly made lost sale united state tesla shine pandemic automaker struggle,1
1329,2020-07-07,sunrun acquiring vivint allstock deal valued billion leaving tesla behind provider residential solar panel battery solar deal would create new industry giant,-1
1339,2020-07-07,know name many business received billion smallbusiness rescue loan recipient raise eyebrow follow money,1
1335,2020-07-08,civil right group criticized company’s top executive mark zuckerberg sheryl sandberg meeting policy hate speech facebook’s big meeting didn’t go well,-1
1334,2020-07-13,daily virus case setting record fear rising economic recovery fizzling investor seem unfazed infection rise earnings fall stock go,1
1337,2020-07-14,worker calling industry shut plant state virus case increased sharply recent week automaker making car virus surge put risk,0
1325,2020-07-14,ruling state court contradicts elon musk’s bullish view autonomous driving technology german court say tesla selfdriving claim misleading,1
1340,2020-07-14,specialized deal structure known spacs moment striking big takeover raising huge new fund big blank check,1
1338,2020-07-15,big bank say could get worse get better ‘moment truth’,1
1332,2020-07-20,company listed sp report latest earnings week far percent bluechip company released secondquarter result beat analyst expectation according factset keep here’s business news watch week,1
1345,2020-07-20,anger lockdown mask mandate provides fertile ground argument best way fight virus extimes reporter ohio wedding provider covid contrarian go viral,1
1341,2020-07-20,corporate leader increasingly gloomy economic recovery citing fight mask prospect renewed lockdown ceo say ‘it’s grind’,1
1324,2020-07-22,traditional carmaker struggling produce market electric vehicle even tesla sell hundred thousand luxury model electric car market it’s tesla jumbled field alsorans,0
1336,2020-07-22,congress scrambling approve next round coronavirus aid — serious disagreement remain racing toward cliff,-1
1330,2020-07-23,result achieved “despite tremendous difficulties” said chief executive elon musk including plant shutdown lower sale tesla turned surprise profit despite plant shutdown lower sale,1
1328,2020-07-23,unexpected profit pushed tesla’s turbocharged share even higher electriccar maker join sp soon elon musk delivers big surprise,1
1323,2020-07-23,result achieved “despite tremendous difficulties” said chief executive elon musk including plant shutdown lower sale tesla turn profit pandemicsqueezed quarter,1
1331,2020-07-27,tesla riding high lately billionaire chief executive elon musk recent day note today’s dealbook newsletter mr musk gotten public scrape including briefly partner musician grime elon musk court controversy,-1
1327,2020-07-27,profound change may result remote working becomes widespread longterm creating winner loser new world work,1
1342,2020-07-30,moment stood congressional hearing big tech’s market power congress versus ‘emperors’,0
1347,2020-08-04,jim hackett failed impress wall street replaced james farley auto industry veteran started career toyota ford struggling changing industry replaces ceo,-1
1348,2020-08-04,ford motor said chief executive jim hackett retire oct ending threeyear run automaker worked mixed result streamline operation focus business electric car truck sportutility vehicle ford’s chief jim hackett retire company try regain momentum,0
1349,2020-08-06,pineapple “leather” flax seed instead plastic tarform based brooklyn aim set standard retrofuturistic cafe racer ‘motorcycle tomorrow’ heavy flair light environment,1
1357,2020-08-07,allpurpose app administration restricting along tiktok many chinese living abroad stay touch one another people back home targeting wechat trump take aim china’s bridge world,1
1354,2020-08-07,restriction two chineseowned apps followed familiar model policy announcement china trump administration trump’s order wechat tiktok uncertain may point,1
1356,2020-08-12,joe biden’s selection relatively moderate vicepresidential running mate seems well received among executive class kamala harris mean wall street silicon valley,-1
1351,2020-08-13,quick spin market check chart,1
1358,2020-08-16,million child flocked online gaming site roblox since march that’s helping game developer young make lot money tween pandemic gaming site,-1
1350,2020-08-18,new suitor emerges tiktok white house imposes restriction huawei net effect move could fracturing web tiktok huawei ‘splinternet’,1
1353,2020-08-20,today they’re wired heated laden control soon could reserved classic car steering wheels’ past present autonomous future,1
1346,2020-08-23,special purpose acquisition company spacs helping fledgling company raise money gain coveted stock listing electric vehicle maker find back door wall street,1
1355,2020-08-26,tech startup named object “the lord rings” become major government contractor easy understand what’s palantir tech industry’s next big ipo,1
1352,2020-08-27,delivery surging pandemic carrier like ups fedex company like amazon renewing push toward electric vehicle soon kitty litter come electric truck,0
1366,2020-09-01,app latest front intensifying tech cold war u china collateral damage company around world tit tat tiktok,-1
1369,2020-09-02,republican democrat agree u economy could use stimulus can’t agree economy need help,0
1361,2020-09-02,defying pandemic german carmaker began producing new sclass one biggest moneymaker catch tesla need car right mercedes think,1
1378,2020-09-03,auto worth less competed year circuslike race called hour lemon electric vehicle invited limit spending endurance racing car belong demolition derby,1
1362,2020-09-09,pause astrazeneca’s trial safety concern raise issue life without covid vaccine look like isn’t vaccine year,0
1375,2020-09-14,courtappointed monitor said final report carmaker become ethical following devastating emission cheating scandal ‘continued vigilance’ needed volkswagen kept promise reform u overseer say,-1
1374,2020-09-18,said administration’s policy driving away technology talent could longterm damage industry computing pioneer endorse biden citing trump immigration crackdown,0
1370,2020-09-19,beijing issued rule could allow halt export import investment business accused endangering national security trump’s tiktok ban china ready blacklist foreign company,1
1360,2020-09-20,battery price dropping faster expected analyst moving projection electric vehicle won’t need government incentive cheaper gasoline model age electric car dawning ahead schedule,-1
1364,2020-09-21,trevor milton founder executive chairman nikola resigned investment fund accused making false assertion company’s technology head nikola gm electric truck partner quits amid fraud claim,-1
1371,2020-09-21,leading candidate fill seat supreme court likely rule favor conservative cause could affect corporate america ginsburg’s successor could remake business,0
1377,2020-09-21,bp european company invest billion renewable energy exxon chevron committed fossil fuel betting moonshots u european oil giant go different way climate change,0
1379,2020-09-22,involves tiktok deal deal,0
1359,2020-09-23,tesla said working advance would lower cost battery increase capacity store energy elon musk promise make tesla year,0
1373,2020-09-23,tencent one china’s powerful tech company coming administration’s sight trump’s next chinese target,1
1368,2020-09-24,square plan put million program bolster black community joining like netflix others another big investment racial justice,-1
1363,2020-09-25,editor reporter dealbook newsletter listen many corporate conference call sift lot company report otherwise digest important business news quote caught attention week heard earnings call week,1
1372,2020-09-25,worker return workplace inevitably test positive there’s debate notified there’s covid office know,1
1367,2020-09-27,rising jobless claim signal stalling economic recovery — long fall ahead week business recovery hit wall,1
1376,2020-09-28,big crowd place like beijing auto show sign good news china need less affluent spend growth engine return full speed china’s economy come roaring back led wealthy consumer,1
1365,2020-09-28,major investigation president trump’s finance show business reported huge loss may part plan much trump win losing,1
1380,2020-10-02,tesla reported record delivery third quarter growing interest electric vehicle car boosted sale across industry led tesla auto industry rebound car sale surge,0
1384,2020-10-06,spurred brexit london backing company build satellite haul orbit britain getting ready space race,1
1381,2020-10-15,tesla model porsche taycan give environmentally conscious speedsters outlet desire green electric car hit mph,-1
1385,2020-10-19,help hurt economy running number biden’s tax policy,0
1382,2020-10-22,polestar inherits classic scandinavian design element volvo lineage aim little free spirited electric car swedish root rebellious streak,1
1387,2020-10-22,startup’s demise may bad investor seems quibi’s quick end,-1
1386,2020-10-27,chinese fintech firm set break ipo record mighty ant,1
1383,2020-10-29,muscle car fought decade brawniest electric car pushing envelope past even horsepower one car horsepower churchill down,-1
1394,2020-11-03,government hope turn hainan island financial shopping destination matching former british colony won’t easy china envisions new hong kong firmly control,1
1396,2020-11-05,scandal led billion trust fund state put cleaner vehicle road lot money gone diesel vehicle vw’s diesel settlement changing fleet school seaport,0
1393,2020-11-09,two employee virgin hyperloop traveled small system company built near la vega first manned test step forward promise ultrafast ‘hyperloops’,1
1392,2020-11-11,fuel could play important role fighting climate change slow gain traction high cost california trying jumpstart hydrogen economy,1
1398,2020-11-16,jay clayton led security regulator since leave end year trump’s sec chairman stepping,-1
1388,2020-11-17,tesla join sp next month earning mark corporate maturity may add remarkable rise stock price tesla joining sp could investor scrambling buy share,1
1391,2020-11-17,question dr anthony fauci masa son senator elizabeth warren here’s lineup day dealbook online summit,0
1389,2020-11-19,general motor say increase investment model offering next five year “to expedite transition evs” gm accelerates ambition electric vehicle,1
1395,2020-11-23,intel nvidia chip power supercomputing center track people place government suppresses minority raising question tech industry’s responsibility china’s surveillance state suck data u tech key sorting,-1
1397,2020-11-24,former fed chief poised return government treasury secretary big challenge ahead janet yellen’s next mission tough,-1
1390,2020-11-30,new agreement supplying hydrogen fuel cell technology general motor narrower partnership outlined september gm scale back alliance electric truck startup nikola,1
1399,2020-11-30,salesforce’s approach slack sign thing come company bet big working home,0
1413,2020-12-01,ask sec approve new rule requiring diverse corporate director nasdaq push diversity boardroom,1
1409,2020-12-02,presidentelect’s economic team say it’s worker biden spin ‘america first’,1
1408,2020-12-03,aston martin bentley latest press sport utility market land rover made name still riding high suvification everything come classic british marque,1
1406,2020-12-08,mr musk said tuesday moved near new factory tesla building outside austin elon musk say moved texas california,1
1411,2020-12-09,panel expert debate postcovid policy focus priority postpandemic world,0
1402,2020-12-18,electriccar maker biggest addition history benchmark index settle swing tesla profitable last bull way sp,0
1405,2020-12-21,congress finally reached stimulus deal worry it’s little late it’s finally enough,-1
1407,2020-12-21,financial market jolted monday emergence fastspreading coronavirus variant led suspension trade travel britain well another lockdown london new threat overshadowed progress washington toward longawaited economic aid package stock roiled fastspreading virus strain britain overshadows stimulus deal,1
1404,2020-12-22,russian hacker appear attacked system senior official department big hack breach treasury’s top level,1
1400,2020-12-22,investor betting small company like workhorse help popularize electric commercial vehicle tesla aim extend reach race become tesla delivery truck van,-1
1403,2020-12-23,president threatened upend hardfought compromise may get want trump threw stimulus curveball,0
1412,2020-12-26,investor stripe piled stock year creating level froth reminiscent dotcom boom analyst say there’s room go higher worry bubble market edge toward euphoria despite pandemic’s toll,1
1410,2020-12-28,mike strizki power house car hydrogen homebrew using retirement evangelize planetsaving advantage hydrogen battery gospel hydrogen power,0
1401,2020-12-31,tesla completes factory berlin mercedesbenz audi introducing electric car bid defend dominance luxury market german automaker charged ready take tesla,1
